id,slug,title
1,two-sum,Two Sum
3,longest-substring-without-repeating-characters,Longest Substring Without Repeating Characters
14,longest-common-prefix,Longest Common Prefix
25,reverse-nodes-in-k-group,Reverse Nodes in k-Group
55,jump-game,Jump Game
70,climbing-stairs,Climbing Stairs
72,edit-distance,Edit Distance
75,sort-colors,Sort Colors
84,largest-rectangle-in-histogram,Largest Rectangle in Histogram
85,maximal-rectangle,Maximal Rectangle
97,interleaving-string,Interleaving String
102,binary-tree-level-order-traversal,Binary Tree Level Order Traversal
115,distinct-subsequences,Distinct Subsequences
121,best-time-to-buy-and-sell-stock,Best Time to Buy and Sell Stock
122,best-time-to-buy-and-sell-stock-ii,Best Time to Buy and Sell Stock II
123,best-time-to-buy-and-sell-stock-iii,Best Time to Buy and Sell Stock III
133,clone-graph,Clone Graph
134,gas-station,Gas Station
139,word-break,Word Break
163,missing-ranges,Missing Ranges
167,two-sum-ii-input-array-is-sorted,Two Sum II - Input Array Is Sorted
169,majority-element,Majority Element
188,best-time-to-buy-and-sell-stock-iv,Best Time to Buy and Sell Stock IV
198,house-robber,House Robber
204,count-primes,Count Primes
207,course-schedule,Course Schedule
208,implement-trie-prefix-tree,Implement Trie (Prefix Tree)
210,course-schedule-ii,Course Schedule II
211,design-add-and-search-words-data-structure,Design Add and Search Words Data Structure
212,word-search-ii,Word Search II
215,kth-largest-element-in-an-array,Kth Largest Element in an Array
239,sliding-window-maximum,Sliding Window Maximum
261,graph-valid-tree,Graph Valid Tree
268,missing-number,Missing Number
269,alien-dictionary,Alien Dictionary
274,h-index,H-Index
279,perfect-squares,Perfect Squares
283,move-zeroes,Move Zeroes
309,best-time-to-buy-and-sell-stock-with-cooldown,Best Time to Buy and Sell Stock with Cooldown
322,coin-change,Coin Change
346,moving-average-from-data-stream,Moving Average from Data Stream
347,top-k-frequent-elements,Top K Frequent Elements
354,russian-doll-envelopes,Russian Doll Envelopes
362,design-hit-counter,Design Hit Counter
402,remove-k-digits,Remove K Digits
410,split-array-largest-sum,Split Array Largest Sum
421,maximum-xor-of-two-numbers-in-an-array,Maximum XOR of Two Numbers in an Array
444,sequence-reconstruction,Sequence Reconstruction
451,sort-characters-by-frequency,Sort Characters By Frequency
516,longest-palindromic-subsequence,Longest Palindromic Subsequence
547,number-of-provinces,Number of Provinces
583,delete-operation-for-two-strings,Delete Operation for Two Strings
646,maximum-length-of-pair-chain,Maximum Length of Pair Chain
648,replace-words,Replace Words
673,number-of-longest-increasing-subsequence,Number of Longest Increasing Subsequence
674,longest-continuous-increasing-subsequence,Longest Continuous Increasing Subsequence
677,map-sum-pairs,Map Sum Pairs
684,redundant-connection,Redundant Connection
692,top-k-frequent-words,Top K Frequent Words
703,kth-largest-element-in-a-stream,Kth Largest Element in a Stream
712,minimum-ascii-delete-sum-for-two-strings,Minimum ASCII Delete Sum for Two Strings
714,best-time-to-buy-and-sell-stock-with-transaction-fee,Best Time to Buy and Sell Stock with Transaction Fee
720,longest-word-in-dictionary,Longest Word in Dictionary
746,min-cost-climbing-stairs,Min Cost Climbing Stairs
763,partition-labels,Partition Labels
785,is-graph-bipartite,Is Graph Bipartite?
802,find-eventual-safe-states,Find Eventual Safe States
820,short-encoding-of-words,Short Encoding of Words
828,count-unique-characters-of-all-substrings-of-a-given-string,Count Unique Characters of All Substrings of a Given String
862,shortest-subarray-with-sum-at-least-k,Shortest Subarray with Sum at Least K
863,all-nodes-distance-k-in-binary-tree,All Nodes Distance K in Binary Tree
875,koko-eating-bananas,Koko Eating Bananas
886,possible-bipartition,Possible Bipartition
901,online-stock-span,Online Stock Span
905,sort-array-by-parity,Sort Array By Parity
907,sum-of-subarray-minimums,Sum of Subarray Minimums
940,distinct-subsequences-ii,Distinct Subsequences II
973,k-closest-points-to-origin,K Closest Points to Origin
1136,parallel-courses,Parallel Courses
1143,longest-common-subsequence,Longest Common Subsequence
1203,sort-items-by-groups-respecting-dependencies,Sort Items by Groups Respecting Dependencies
1244,design-a-leaderboard,Design A Leaderboard
1268,search-suggestions-system,Search Suggestions System
1425,constrained-subsequence-sum,Constrained Subsequence Sum
1438,longest-continuous-subarray-with-absolute-diff-less-than-or-equal-to-limit,Longest Continuous Subarray With Absolute Diff Less Than or Equal to Limit
1462,course-schedule-iv,Course Schedule IV
1499,max-value-of-equation,Max Value of Equation
1603,design-parking-system,Design Parking System
1656,design-an-ordered-stream,Design an Ordered Stream
1696,jump-game-vi,Jump Game VI
1707,maximum-xor-with-an-element-from-array,Maximum XOR With an Element From Array
1801,number-of-orders-in-the-backlog,Number of Orders in the Backlog
1803,count-pairs-with-xor-in-a-range,Count Pairs With XOR in a Range
1938,maximum-genetic-difference-query,Maximum Genetic Difference Query
2034,stock-price-fluctuation,Stock Price Fluctuation
2385,amount-of-time-for-binary-tree-to-be-infected,Amount of Time for Binary Tree to Be Infected
2398,maximum-number-of-robots-within-budget,Maximum Number of Robots Within Budget
